Top queries,Clicks,Impressions,CTR,Position
forever party rentals,95,214,44.39%,1.13
party rentals,15,532,2.82%,18.08
tent rental,12,331,3.63%,23.16
starlink rental vancouver,9,50,18%,5.46
starlink rental,8,71,11.27%,10.86
party rentals burnaby,6,55,10.91%,3.58
chair rentals surrey,6,51,11.76%,1.96
party rentals near me,5,303,1.65%,9.22
chair rentals,5,229,2.18%,26.56
table and chair rental,5,48,10.42%,22.94
party rentals tsawwassen,5,20,25%,2.6
party rentals surrey,4,160,2.5%,3.95
table and chair rentals,4,128,3.12%,14.01
tent rental surrey,4,126,3.17%,5.98
party rentals abbotsford,4,116,3.45%,9.22
party rentals maple ridge,4,43,9.3%,2.47
tent rentals langley,4,28,14.29%,2.39
canopy rental,4,14,28.57%,3.29
tent rentals,3,311,0.96%,27.51
langley party rentals,3,142,2.11%,3.89
party tent rentals,3,121,2.48%,19.93
party rental,3,119,2.52%,18.17
surrey party rentals,3,86,3.49%,15.12
party rentals langley,3,83,3.61%,5.22
rent tables and chairs near me,3,49,6.12%,42.1
marquee tent rentals,3,29,10.34%,9.52
chairs and tables for rent,3,21,14.29%,24
tables and chairs for rent,3,18,16.67%,28.39
dance floor rentals for weddings,3,16,18.75%,3.44
cocktail table rental,3,14,21.43%,23.79
wedding chair rental,3,10,30%,18.6
tent rentals surrey,2,155,1.29%,13.33
party tent rental,2,117,1.71%,52.26
chair rental,2,115,1.74%,15.35
tent rental near me,2,102,1.96%,23.05
wedding tent rentals,2,95,2.11%,48.46
event tent rental,2,83,2.41%,16.28
dance floor rental,2,81,2.47%,25
wedding chair rentals,2,61,3.28%,18.72
tent rentals abbotsford,2,45,4.44%,6.62
party table rentals,2,41,4.88%,26.34
rent chairs near me,2,36,5.56%,26.86
wedding tent rental,2,32,6.25%,45.97
rent tables and chairs,2,29,6.9%,39.07
tents for rent,2,27,7.41%,33
dish rentals near me,2,17,11.76%,29.06
chair rental surrey,2,16,12.5%,2.12
party rental surrey,2,14,14.29%,6
picnic table rentals near me,2,11,18.18%,8.18
tables and chairs rental near me,2,10,20%,2.2
chairs for rent near me,2,10,20%,13.1
chiavari chair rental,2,8,25%,29.62
party table rentals near me,2,7,28.57%,10.71
dancefloor rental,2,5,40%,4
canopy rentals,2,4,50%,3.5
table cloth rentals near me,2,3,66.67%,1
white chiavari chair rental,2,2,100%,1
table rentals,1,189,0.53%,34.86
5ft round table seats how many,1,154,0.65%,6.65
event rentals vancouver,1,117,0.85%,33.38
tent rentals near me,1,96,1.04%,18.05
how many seats at a 6-foot rectangular table,1,80,1.25%,6.81
how many chairs fit at a 6 foot table,1,77,1.3%,9.55
chair rentals near me,1,70,1.43%,24.17
how many people can sit at a 6ft rectangle table,1,68,1.47%,6.53
abbotsford party rentals,1,68,1.47%,8.25
party rentals vancouver bc,1,67,1.49%,23.45
dance floor rentals,1,65,1.54%,20.25
party rentals coquitlam,1,61,1.64%,11.34
how many people fit at a 5 foot round table,1,58,1.72%,10.28
party chair rentals,1,58,1.72%,24.24
chairs for rent,1,56,1.79%,31.8
wedding rentals,1,49,2.04%,41.82
rent a tent,1,46,2.17%,16.07
cocktail table rentals,1,40,2.5%,28.32
table rentals near me,1,39,2.56%,35.85
chair rental near me,1,39,2.56%,39.05
how many people fit at a 6 foot rectangular table,1,36,2.78%,8.61
outdoor dance floor rental,1,34,2.94%,39.62
folding chair rental,1,29,3.45%,24.86
party chairs for rent,1,24,4.17%,36.58
large tent rentals,1,24,4.17%,36.71
clear tent rental,1,24,4.17%,69.46
6 foot banquet table seats how many,1,23,4.35%,4.7
6 feet table how many people,1,22,4.55%,5.23
tent rental abbotsford,1,22,4.55%,7.27
how many people can comfortably sit at a 6 foot table,1,21,4.76%,4.86
surrey tent rentals,1,21,4.76%,6.71
folding chair rental near me,1,21,4.76%,27.95
event tent rentals near me,1,21,4.76%,42.95
party rentals richmond,1,20,5%,3.55
marquee tent rental,1,20,5%,14.45
backyard party rentals,1,20,5%,33.7
chairs and table rentals near me,1,20,5%,41.1
party rentals langley bc,1,18,5.56%,3.5
party supply rental,1,18,5.56%,53.28
party rental abbotsford,1,17,5.88%,5.06
cheap tent rentals near me,1,17,5.88%,6.41
long table rentals,1,17,5.88%,13
how many people can sit at a 6ft folding table,1,16,6.25%,5.31
tent house near me,1,16,6.25%,15.69
canopy tent rental,1,16,6.25%,41.88
power station rental,1,15,6.67%,18.33
tent rent,1,12,8.33%,17.5
affordable party rentals,1,12,8.33%,33
party tents,1,12,8.33%,45.42
tent rentals surrey bc,1,11,9.09%,5.27
langley party rentals inc,1,10,10%,21.2
party rental supplies,1,10,10%,43.6
dance floor rentals near me,1,9,11.11%,2
tents rental,1,9,11.11%,53.11
delta party rentals,1,8,12.5%,4.25
party chair rental,1,8,12.5%,5.88
wedding rental packages,1,8,12.5%,10.25
north vancouver event rentals,1,8,12.5%,10.88
how many people sit comfortably at a 6 foot table,1,7,14.29%,3.29
party equipment rentals,1,7,14.29%,6.14
how many people can sit at 6 ft rectangular table,1,7,14.29%,6.71
ecoflow rental,1,7,14.29%,10.71
wedding tables and chairs rental,1,6,16.67%,1
table cloth rental,1,6,16.67%,3.17
checkered dance floor rental,1,6,16.67%,4.67
lawn chair rentals,1,6,16.67%,5.83
dear fore tent,1,6,16.67%,6.83
rental tables,1,6,16.67%,12.17
rent chair,1,6,16.67%,18.5
table rentals vancouver,1,6,16.67%,21.33
15 x 30 tent rental,1,5,20%,6.2
fraser valley party rentals,1,5,20%,13
portable power station rental,1,5,20%,14.2
rental party equipment,1,5,20%,16.2
pop up tent rentals near me,1,5,20%,18.2
harvest table rentals,1,5,20%,22.2
chairs on rent,1,5,20%,27.8
wedding furniture rental,1,5,20%,30
rent bar tables near me,1,4,25%,1
rental table and chairs near me,1,4,25%,2.25
party table and chair rental,1,4,25%,11
rent dance floor,1,4,25%,26
backdrop rentals,1,4,25%,47
portable bar table for rent,1,4,25%,52
tents and party rentals,1,3,33.33%,1
tent rent near me,1,3,33.33%,3
birthday rentals,1,3,33.33%,3.67
dance floor for rent near me,1,3,33.33%,3.67
rent tent for party,1,3,33.33%,3.67
white garden chair rentals,1,3,33.33%,14.33
rent a tent for party,1,3,33.33%,15
forever rentals,1,3,33.33%,20
folding chairs for rent near me,1,3,33.33%,22.67
outdoor chair rentals,1,3,33.33%,25.33
party tent rental near me,1,3,33.33%,37.67
bar stool rentals near me,1,2,50%,1
chafing dishes for rent,1,2,50%,1
cocktail tables for rent near me,1,2,50%,1
dish rentals for weddings,1,2,50%,1
rental stanchions,1,2,50%,1
table event rentals,1,2,50%,1
tablecloth rentals near me,1,2,50%,1
teepee party rental near me,1,2,50%,1
chair rentals for parties,1,2,50%,1.5
dinnerware rentals near me,1,2,50%,1.5
event rental company near me,1,2,50%,1.5
event table and chair rentals,1,2,50%,1.5
cheap table and chair rentals near me,1,2,50%,2.5
dancefloor rentals,1,2,50%,2.5
party set up services,1,2,50%,4
10x20 tent rental,1,2,50%,4.5
10x10 pop up tent rental,1,2,50%,5
party pro rentals,1,2,50%,6.5
rent folding tables and chairs,1,2,50%,6.5
tent rentals prices near me,1,2,50%,27.5
party rentals table and chairs,1,2,50%,38.5
rent folding chairs near me,1,2,50%,43
event rental companies,1,2,50%,44
20x20 tent rental near me,1,1,100%,1
catering equipment rental,1,1,100%,1
foreverparty,1,1,100%,1
high boy table rental,1,1,100%,1
large canopy rental,1,1,100%,1
lounge chair rentals,1,1,100%,1
party rental places,1,1,100%,1
rent kids chairs,1,1,100%,1
slushie machine for rental,1,1,100%,1
tent for hire,1,1,100%,1
white chiavari chairs rental,1,1,100%,1
wooden crossback chair rental,1,1,100%,1
dishes rental for wedding,1,1,100%,2
small tent rental,1,1,100%,2
twnt rental,1,1,100%,2
dance floors for weddings,1,1,100%,3
pop up canopy rental,1,1,100%,3
resin chair rental,1,1,100%,3
ring toss rental,1,1,100%,4
temporary dance floor rental,1,1,100%,4
chair and table party rentals,1,1,100%,5
decor rentals near me,1,1,100%,7
event floor rental,1,1,100%,9
popcorn machine rental near me,1,1,100%,17
wedding tablecloth rentals,1,1,100%,26
how many people can sit at a 6 foot table,0,332,0%,7.71
how many can sit at a 6 foot rectangular table,0,310,0%,7.19
event rentals,0,263,0%,50.84
birthday party rentals,0,196,0%,18.5
party rentals vancouver,0,190,0%,20.33
wedding party rentals,0,182,0%,15.36
event rental,0,163,0%,50.07
allevents rentals,0,161,0%,6.82
5 foot round table seats how many,0,153,0%,8.86
how many people fit at a 6 foot table,0,148,0%,7.11
5 ft round table seats how many,0,144,0%,10.42
how many people can sit at a 6 foot rectangular table,0,129,0%,6.09
corporate party event rental,0,128,0%,27.59
rent furniture vancouver,0,117,0%,61.36
event rentals surrey,0,114,0%,1.41
how many chairs for 6 foot table,0,102,0%,8.86
marquee capacity guide,0,98,0%,66.93
how many people can sit at a 5 foot round table,0,96,0%,6.08
chair rentals vancouver,0,96,0%,38.91
events furniture rental,0,95,0%,70.19
6 ft table seats how many,0,94,0%,7.51
6 x 2.5 feet table how many people,0,88,0%,2.58
marquee tent,0,86,0%,13.09
party venues in richmond bc,0,85,0%,29.61
how many chairs can fit at a 6ft table,0,81,0%,6.62
rental chairs,0,81,0%,21.1
how many people sit at a 6 foot table,0,80,0%,7.5
how many chairs for a 6 foot table,0,80,0%,8.8
party rentals north vancouver,0,76,0%,11.26
event space richmond bc,0,72,0%,27.4
6 foot table seats how many,0,71,0%,5.97
how many people can fit at a 6 foot table,0,71,0%,8.15
how many people can sit at a 6ft table,0,69,0%,7.01
tent rentals vancouver,0,69,0%,41.46
how many people can sit at a 6 ft table,0,68,0%,6.87
on time party rentals,0,68,0%,10.26
event rentals british columbia,0,67,0%,30.54
richmond bc event venues,0,66,0%,34.83
event rooms in richmond bc,0,63,0%,40.44
marquee size for 100 guests,0,63,0%,46.44
how many people can sit at a 5ft round table,0,61,0%,11.69
chair rental vancouver,0,61,0%,47.41
vancouver party rentals,0,59,0%,14.22
tent rentals vancouver bc,0,59,0%,55.12
party venues surrey bc,0,57,0%,46.4
how many folding chairs fit at a 6 foot table,0,56,0%,5.82
how many people can sit at a 5' round table,0,55,0%,9.2
tent rental service,0,55,0%,25.2
event venues delta bc,0,55,0%,28.73
party equipment rental,0,55,0%,44.35
6ft table seats how many,0,54,0%,5.74
6 ft rectangle table seats how many,0,53,0%,7.15
dance floor rental vancouver,0,53,0%,9.57
north shore party rentals,0,51,0%,7.8
table rental,0,51,0%,20.12
party rental vancouver,0,50,0%,19.48
chiavari chair rental near me,0,50,0%,25.54
how many inches is a 6ft table,0,49,0%,8.69
party tent rentals near me,0,49,0%,47.18
how many people fit at a 5ft round table,0,48,0%,5.5
party rentals abbotsford bc,0,48,0%,9.67
event venues richmond bc,0,48,0%,36.17
how many chairs fit at a 6ft table,0,47,0%,7.66
banquet tables rental richmond,0,47,0%,15.57
event venue rental vancouver,0,46,0%,41.76
6 foot rectangular table seats how many,0,45,0%,5.49
how many people does a 5 ft round table seat,0,45,0%,7.29
table and chair rentals near me,0,45,0%,29.73
party rental near me,0,45,0%,53.18
how many people does a 5 foot round table seat,0,44,0%,6
how many people does a 6ft table seat,0,44,0%,8.61
event venue burnaby,0,44,0%,39.91
pop up tent rental,0,43,0%,12.53
event rentals northwest territories,0,43,0%,66.16
chair rentals langley,0,42,0%,3.79
party rentals port coquitlam,0,42,0%,15
6 foot table dimensions,0,42,0%,18.93
event rentals north vancouver,0,41,0%,13.37
table chair rentals,0,41,0%,41.8
how many people does a 5ft round table seat,0,40,0%,5.88
6ft banquet table dimensions,0,40,0%,12.53
round tables rental richmond,0,40,0%,17.7
wedding chair rentals vancouver,0,39,0%,44.33
5' round table seats how many,0,38,0%,5.76
6 foot folding table seats how many,0,38,0%,5.95
vancouver chiavari chairs,0,38,0%,8.29
how many people sit at a 5 foot round table,0,37,0%,5.84
how many people can fit at a 6ft table,0,37,0%,6.03
how many people can sit at a 5 ft round table,0,37,0%,6.14
party equipment rental service,0,37,0%,19.46
outdoor party rentals,0,37,0%,19.54
outdoor event rentals,0,37,0%,30.86
wedding tent rental st-george,0,37,0%,73.27
tent rental vancouver bc,0,36,0%,48.08
tent for rent,0,35,0%,12
black and white checkered dance floor rental vancouver,0,35,0%,20.89
tent rental st andrews,0,35,0%,70.6
how many chairs at a 6 foot table,0,34,0%,10.41
party tent rentals surrey,0,34,0%,26.85
how many people at 6 ft table,0,33,0%,5
5 feet round table seats how many,0,33,0%,7.06
rental equipment for parties,0,33,0%,10.97
pedestal rentals,0,33,0%,74.3
westminster party rentals,0,32,0%,8.59
6ft table dimensions,0,32,0%,12.66
birthday party rentals near me,0,32,0%,24.97
wedding tent rentals near me,0,32,0%,31.84
banquet halls in richmond bc,0,32,0%,44.97
table rental vancouver wa,0,32,0%,50.28
table and chair rentals vancouver wa,0,32,0%,53.38
party tent,0,31,0%,4.32
how many people at a 6 foot table,0,31,0%,6.26
tent rental vancouver,0,31,0%,28.77
tables for party rental fernie bc,0,31,0%,30.23
folding table rental,0,31,0%,38
table and chair rental vancouver wa,0,31,0%,52.71
chair rentals mactaquac,0,31,0%,82.61
how many people can fit at a 5ft round table,0,30,0%,6.33
how many people does a 6 foot table seat,0,30,0%,6.5
rent tables,0,30,0%,18.57
delta bc event space,0,30,0%,31.9
large tent rental,0,30,0%,34.67
rent a tent near me,0,30,0%,37.5
venue rental vancouver,0,30,0%,38.8
table rentals vancouver wa,0,30,0%,47.93
tent rental langley,0,29,0%,4.31
how many people does a 6 ft table seat,0,29,0%,5.41
party rental checklist,0,29,0%,18.9
rental chairs near me,0,29,0%,29.52
table and chair rentals mactaquac,0,29,0%,73.45
how many people fit on a 6 foot table,0,28,0%,5.07
how many people at a 5 foot round table,0,28,0%,5.79
how many chairs fit around a 6 foot rectangular table,0,28,0%,5.82
how many people fit at 6ft rectangle table,0,28,0%,6.18
6 ft table how many seats,0,28,0%,6.36
5 round table seats how many,0,28,0%,6.54
tent table and chair rentals,0,28,0%,15.5
rent tents and tables near me,0,28,0%,21.04
event space rental pitt meadows,0,28,0%,26.43
affordable party rooms vancouver,0,28,0%,27
event space rental vancouver bc,0,28,0%,35.75
party rentals vancouver wa,0,28,0%,52.75
event tent rentals,0,28,0%,54.39
how many people can sit at 5 foot round table,0,27,0%,5.59
how many people can sit at 6 foot table,0,27,0%,6.41
how many chairs fit around a 5 foot round table,0,27,0%,12.81
table and chair rental vancouver,0,27,0%,28.26
tables and chairs rental,0,27,0%,40.3
chiavari chairs rental near me,0,27,0%,43.26
tent rentals vancouver wa,0,27,0%,57.04
corporate event rentals,0,27,0%,69.56
how many people can fit at a 5 foot round table,0,26,0%,5.73
6ft table how many people,0,26,0%,5.85
30 foot banquet table seats how many 24 inches per person,0,26,0%,6.58
cocktail tables,0,26,0%,10.04
4 foot round table seats how many,0,26,0%,13.65
rentals for concerts,0,26,0%,18.88
furniture rental surrey bc,0,26,0%,29.08
event space rental vancouver,0,26,0%,39.31
burnaby wedding reception venues,0,26,0%,44.12
chair rental vancouver bc,0,26,0%,45.54
dance floor rental near me,0,26,0%,47.5
wedding party tent rentals,0,26,0%,50.42
how many people can sit at a 6' rectangle table,0,25,0%,5.04
how many people can you sit at a 6 foot table,0,25,0%,5.36
how many people fit a 6ft table,0,25,0%,5.72
five foot round table seats how many,0,25,0%,11
6 foot round table seats how many,0,25,0%,23.68
outdoor party rentals near me,0,25,0%,33.4
downtown event venues surrey bc,0,25,0%,46.88
chair and table rentals,0,25,0%,49.32
crew change service ladner,0,25,0%,66.92
6ft folding table seats how many,0,24,0%,5.88
how many people fit at 6 foot table,0,24,0%,6.67
how many people fit at a 6ft rectangle table,0,24,0%,7.17
5ft round tables seat how many,0,24,0%,7.46
party table and chair rentals,0,24,0%,21.29
tables and chairs rental fernie bc,0,24,0%,30.67
event rentals near me,0,24,0%,30.88
chiavari chair rentals,0,24,0%,35.62
chairs for rent for party,0,24,0%,40.92
special event rentals,0,24,0%,53.33
party rental vancouver wa,0,24,0%,53.38
rentals party,0,24,0%,66.29
how many people can sit at a 6 ft rectangle table,0,23,0%,5
how many people can fit at a 6ft rectangle table,0,23,0%,5.35
how many people at 5 foot round table,0,23,0%,5.57
how many people fit at 5ft round table,0,23,0%,5.57
winter party tent rentals,0,23,0%,8.35
how many seats at 5 foot round table,0,23,0%,12.74
6ft round table seats how many,0,23,0%,14.96
decoration rentals near me,0,23,0%,15.26
floor seating rental,0,23,0%,25.91
lonsdale party rentals,0,23,0%,40.26
picnic table rentals,0,23,0%,44.04
event space downtown surrey british columbia,0,23,0%,46.52
wedding rentals near me,0,23,0%,48.65
rental chairs for wedding,0,23,0%,49.39
tent rentals for weddings,0,23,0%,49.91
party and rental,0,23,0%,55.22
chair rentals abbotsford,0,22,0%,4.64
how many people can sit at 5ft round table,0,22,0%,4.73
how many people fit at a 6ft table,0,22,0%,6.41
how many people fit around a 5 foot round table,0,22,0%,6.82
how many chairs does a 6ft table fit,0,22,0%,7.27
how many seats at a 6 foot rectangular table,0,22,0%,8.18
outdoor furniture rental,0,22,0%,27.18
4 season party rentals,0,22,0%,30.59
how many people can sit at a 8 foot table,0,22,0%,33.82
wedding rentals coquitlam,0,22,0%,40.14
cheap tent rentals,0,22,0%,40.32
outdoor tent rentals,0,22,0%,52.5
wedding table rentals,0,22,0%,55.91
6ft rectangle table seats how many,0,21,0%,5.29
how many people fit at a 6 ft table,0,21,0%,7.33
north vancouver party rentals,0,21,0%,7.67
6ft rectangular table seats how many,0,21,0%,10.62
event rentals in bc,0,21,0%,23.67
party chair rentals near me,0,21,0%,31.95
classic party rentals,0,21,0%,39.29
party supply rentals,0,21,0%,45.24
event furniture rental,0,21,0%,61.24
tent and party rental,0,21,0%,62.33
party rentals surrey bc,0,20,0%,3
how many people can sit comfortably at a 6 foot table,0,20,0%,4.75
how many people fit at 5 foot round table,0,20,0%,5.85
6ft table how many chairs,0,20,0%,7.15
how many inches is a 6 foot table,0,20,0%,13.7
wedding tents for rent richmond,0,20,0%,23.85
tent rentals chairs tables,0,20,0%,33.25
folding table rental near me,0,20,0%,36.45
foldable chair rentals,0,20,0%,36.85
vancouver event rentals,0,20,0%,45.7
party rent,0,20,0%,46.45
how many people can be seated at a 6 foot rectangular table,0,19,0%,4.79
how many people can sit on a 6 foot table,0,19,0%,5.11
how many people can fit at a 6 foot rectangular table,0,19,0%,5.37
6ft banquet table seats how many,0,19,0%,5.42
6 ft tables seat how many,0,19,0%,5.47
how many chairs can fit at a 6ft rectangle table,0,19,0%,5.47
how many people can sit at a 6' table,0,19,0%,5.68
how many people can sit at a six foot table,0,19,0%,5.89
how many people can you fit at a 6 foot table,0,19,0%,6.53
how many people fit in a 6 foot table,0,19,0%,6.63
how many round tables for 150 guests,0,19,0%,10.26
5 foot round tables seat how many,0,19,0%,12.95
how many inches is a 6 ft table,0,19,0%,15.32
how many chairs fit a 5ft round table,0,19,0%,17.58
rental chairs and tables,0,19,0%,25.11
cocktail tables for rent,0,19,0%,29.95
chair cover rentals surrey,0,19,0%,42.84
how many people can a 5ft round table seat,0,18,0%,4
how many people can seat at a 6ft table,0,18,0%,5.39
how many people can sit at 6ft rectangle table,0,18,0%,6
how many chairs can you fit at a 6 foot table,0,18,0%,6.61
how long is a 6ft table,0,18,0%,9.06
6 ft banquet table dimensions,0,18,0%,12.17
how many people can sit at a round table,0,18,0%,12.22
6ft rectangle table,0,18,0%,12.78
banquet tables richmond,0,18,0%,14.17
round table rental,0,18,0%,34.94
tent rental vancouver wa,0,18,0%,50.94
lonsdale event rentals,0,18,0%,54.5
event and tent rentals,0,18,0%,58.39
party furniture rental vancouver,0,18,0%,59.44
party furniture rental,0,18,0%,64.67
king and queen chair rentals,0,18,0%,83.94
how many people can you seat at a 6 foot table,0,17,0%,5.24
how many people can sit at a 6-ft table,0,17,0%,5.35
how many people does a 6ft rectangular table seat,0,17,0%,5.71
how many people at a 6 ft table,0,17,0%,7.29
standard 6ft table size,0,17,0%,11.53
seating for 6 ft table,0,17,0%,15.47
wedding marquee,0,17,0%,17.47
banquet tables for rent richmond,0,17,0%,18.24
round table seating capacity,0,17,0%,18.24
rental party,0,17,0%,19.82
rental dance floor,0,17,0%,30.47
marquee for rent,0,17,0%,38.41
wedding tent rental vancouver,0,17,0%,45.94
outdoor tent rental,0,17,0%,52.41
clear tent rentals,0,17,0%,65
party tent rentals mactaquac,0,17,0%,79.94
how many people can sit around a 5 foot round table,0,16,0%,5.56
how many people does a 6 ft rectangle table seat,0,16,0%,5.69
how many people at a 6ft rectangle table,0,16,0%,5.94
how many people fit at 6 ft rectangle table,0,16,0%,5.94
how many can sit at a 5 foot round table,0,16,0%,6.12
how many people can a 6ft table seat,0,16,0%,7.25
how many people can fit at a 6 ft table,0,16,0%,8.19
5ft round table in inches,0,16,0%,13.69
pop up tent rentals,0,16,0%,15.12
round tables for rent richmond,0,16,0%,16.69
rent chairs,0,16,0%,21
5 ft table seats how many,0,16,0%,21.75
marquee tents,0,16,0%,23.88
event chair rentals,0,16,0%,26.31
wedding dance floor rental,0,16,0%,26.94
furniture rental vancouver,0,16,0%,35.31
party tents for rent fernie bc,0,16,0%,38.12
tent rentals for weddings fernie bc,0,16,0%,38.56
tents for rent near me,0,16,0%,38.88
ballrom burnaby,0,16,0%,42.25
rent a tent vancouver,0,16,0%,47
party tents for rent near me,0,16,0%,66.19
6 ft long table seats how many,0,15,0%,4.33
how many people fit at a 5' round table,0,15,0%,5
how many people can fit around a 6 foot table,0,15,0%,5.33
how many people does 6ft table seat,0,15,0%,5.4
how many can sit at a 6 foot table,0,15,0%,5.53
how many people at 6ft rectangle table,0,15,0%,5.87
how many people can sit around a 6 foot table,0,15,0%,5.93
how many people can sit at 6 foot rectangular table,0,15,0%,5.93
how many people can sit at 6ft table,0,15,0%,6
how many chairs fit a 6 foot table,0,15,0%,9.87
carnival game rental,0,15,0%,14.67
standard 6 foot table dimensions,0,15,0%,18.8
event table rental,0,15,0%,29.53
wedding tents,0,15,0%,32.67
outdoor tent rental fernie bc,0,15,0%,41.27
party rental equipment,0,15,0%,43
party event rentals,0,15,0%,44.13
party rental company,0,15,0%,63.6
outdoor tent rental near me,0,15,0%,64.13
event rentals new brunswick,0,15,0%,72.4
party house rentals surrey bc,0,14,0%,2
how many does a 6ft table seat,0,14,0%,5.07
how many chairs fit a 6ft rectangle table,0,14,0%,5.21
how many people can fit at a 6 ft rectangle table,0,14,0%,5.29
how many people fit around a 6 foot table,0,14,0%,5.5
how many people fit at a 5 ft round table,0,14,0%,5.5
how many can sit at a 6ft table,0,14,0%,5.79
how many people does a 6 foot rectangular table seat,0,14,0%,5.79
how many seats at 6 foot rectangular table,0,14,0%,6
how many people can sit at 6 ft table,0,14,0%,6.21
6 ft rectangle table,0,14,0%,10.36
new westminster light fixture installation,0,14,0%,12.64
6 ft table dimensions,0,14,0%,17.21
wedding tent rentals surrey,0,14,0%,18.36
6 foot banquet table dimensions,0,14,0%,23.5
tent rental quote,0,14,0%,26.64
tent rental for wedding,0,14,0%,34.93
event rental vancouver,0,14,0%,43.86
backyard tent rental,0,14,0%,48.71
canopy rentals vancouver,0,14,0%,50
party chairs and tables for rent,0,14,0%,55.71
birthday party event planner,0,14,0%,63.86
event and party rentals,0,14,0%,66.64
bar back rentals,0,14,0%,79.14
how many people fit on a 6ft rectangle table,0,13,0%,4.31
how many people can sit around a 5ft round table,0,13,0%,5.31
how many people fit in a 6ft rectangle table,0,13,0%,5.38
how many people fit on a 6ft table,0,13,0%,5.54
how many people at a 6ft table,0,13,0%,5.62
six foot table seats how many,0,13,0%,6.23
how many people can sit at a 5-ft round table,0,13,0%,6.38
6' table seats how many,0,13,0%,6.85
how many chairs at a 6ft rectangle table,0,13,0%,7.08
how many people can a 6 foot table seat,0,13,0%,7.92
petes party rentals,0,13,0%,7.92
how many people sit at a round table,0,13,0%,12.23
6 foot rectangular table,0,13,0%,13.15
stage for rent near me,0,13,0%,14.77
6 ft round table seats how many,0,13,0%,18.54
how many people fit at a round table,0,13,0%,19.46
party tent for rent,0,13,0%,21.38
chair and table rental,0,13,0%,28.46
tent rental nearby,0,13,0%,35.92
furniture rental vancouver bc,0,13,0%,36.15
banquet tables for rent,0,13,0%,36.85
chiavari chairs rental,0,13,0%,42
rent a party,0,13,0%,47
party tents and rentals,0,13,0%,47.08
burnaby wedding venues,0,13,0%,47.62
rent outdoor tent,0,13,0%,49.62
tent rentals for parties,0,13,0%,50.77
how many chairs fit at a 6ft rectangle table,0,12,0%,4.83
how many does a 6 foot table seat,0,12,0%,5.17
6 foot table fits how many people,0,12,0%,5.25
how many people can fit around a 5 foot round table,0,12,0%,5.33
how many people at a 5ft round table,0,12,0%,5.42
how many chairs for 6ft table,0,12,0%,9.08
5 foot table seats how many,0,12,0%,9.5
marquee,0,12,0%,10.5
10x10 tent rental,0,12,0%,10.92
how many seats at a 5 foot round table,0,12,0%,10.92
tent service near me,0,12,0%,11.08
rent party,0,12,0%,12.08
20x20 marquee tent,0,12,0%,12.17
folding chair rentals,0,12,0%,15.08
party rentals in vancouver,0,12,0%,18.5
rental tables and chairs,0,12,0%,32.5
wedding equipment rentals,0,12,0%,33.17
tent rentals weddings,0,12,0%,34.75
corporate tent rentals,0,12,0%,35.92
plate rentals near me,0,12,0%,41.08
high top table rentals,0,12,0%,46.08
how many people fit at an 8 foot table,0,12,0%,46.08
best party rentals near me,0,12,0%,54.75
social event furniture rental vancouver,0,12,0%,55.5
event rental oromocto,0,12,0%,57.75
event and tent rentals​,0,12,0%,58
party equipment rental services,0,12,0%,60.33
how many people at 6 foot table,0,11,0%,5.18
how many people fit on 6 foot table,0,11,0%,5.36
how many people can fit on a 6 foot table,0,11,0%,5.45
how many people fit at 6 foot rectangular table,0,11,0%,5.73
how many round tables for 200 guests,0,11,0%,5.91
how many people at 5ft round table,0,11,0%,6
how many people sit at 6 foot table,0,11,0%,6.45
how many people fit in 6ft table,0,11,0%,6.55
how many can sit at 6ft rectangle table,0,11,0%,7
how many people per round table,0,11,0%,7.09
how many people at 6ft table,0,11,0%,7.64
rent cocktail tables,0,11,0%,8.55
how many people sit at a 6ft rectangle table,0,11,0%,9
outdoor chair rental,0,11,0%,9.73
how long is a 6 ft table,0,11,0%,12.09
marquees,0,11,0%,12.18
marquis tent,0,11,0%,17.18
wedding tent,0,11,0%,18.55
how many people does a 6' round table seat,0,11,0%,26
event flooring rental,0,11,0%,32.73
low picnic table rentals,0,11,0%,39.55
corporate event bar rental near my area,0,11,0%,43.18
tent services near me,0,11,0%,43.55
one stop party rentals,0,11,0%,43.64
rental for parties,0,11,0%,44.27
rent pop up tent,0,11,0%,46.09
canopy rental near me,0,11,0%,57.55
event equipment rentals,0,11,0%,59.18
sound system rental for events vancouver,0,11,0%,69.55
how many chairs fit at a 6 foot rectangular table,0,10,0%,5
how many people at 6 ft rectangle table,0,10,0%,5
how many people sit at 5 ft round table,0,10,0%,5
how many does a 5 foot round table seat,0,10,0%,5.1
how many people can be seated at a 5 foot round table,0,10,0%,5.1
how many people can sit on one side of a 6 foot table,0,10,0%,5.1
high quality rentals,0,10,0%,6
6 foot table how many chairs,0,10,0%,6.2
6 ft table fits how many people,0,10,0%,6.2
how many people sit at 6ft rectangle table,0,10,0%,6.2
how many people fit at 6 ft table,0,10,0%,6.5
seating 6 foot rectangular table,0,10,0%,6.5
how many people do round tables seat,0,10,0%,8
how many chairs at 6 foot table,0,10,0%,8.9
how many chairs at a 5 foot round table,0,10,0%,9.8
event tents,0,10,0%,13.7
6ft banquet table,0,10,0%,14.2
venue rental,0,10,0%,14.3
one stop rentals port coquitlam,0,10,0%,15.6
marquee tent supplier,0,10,0%,18.9
discount party rentals,0,10,0%,26.8
renting tables and chairs,0,10,0%,27.3
6 foot banquet table,0,10,0%,31.2
wedding tent rental fernie bc,0,10,0%,37
how many can sit at a 6 foot round table,0,10,0%,37.3
corporate event bar rental near me,0,10,0%,42.8
table chair rentals near me,0,10,0%,43.6
10x30 tent rental near me,0,10,0%,44.8
lonsdale event rentals vancouver,0,10,0%,47.3
birthday party rental,0,10,0%,47.4
good time party rentals,0,10,0%,53.3
party tents for rental near me,0,10,0%,55.5
quote for rental highboy table,0,10,0%,57.4
wedding event rentals,0,10,0%,58.8
tent rental prices,0,10,0%,59
chairs for remt,0,10,0%,59.4
party and event rentals,0,10,0%,63.3
rent outdoor tent for party,0,10,0%,65.3
what size marquee do i need?,0,10,0%,72.9
corporate event furniture rental vancouver,0,10,0%,74.4
wedding equipment rental,0,10,0%,81
cocktail tables rental,0,9,0%,1.56
how many people can sit a 6 foot table,0,9,0%,4
how many people does a 6 foot table fit,0,9,0%,4.22
how many seats at a 5ft round table,0,9,0%,4.78
5 ft round tables seat how many,0,9,0%,5
how many people at a round table,0,9,0%,5.44
how many people can be seated at a 6 foot table,0,9,0%,5.44
how many people can sit at a 6 ft rectangular table,0,9,0%,5.56
how many chairs can fit at a 6 foot rectangular table,0,9,0%,5.78
how many people can a 6 ft table seat,0,9,0%,5.89
how many people can fit at 6ft rectangle table,0,9,0%,6.56
how many people can sit at a 6 foot folding table,0,9,0%,7.44
6ft folding table how many people,0,9,0%,7.67
6ft long table dimensions,0,9,0%,8.78
foldable chair rentals near me,0,9,0%,9.11
6ft table seating,0,9,0%,9.22
how big is a 6ft table,0,9,0%,9.22
how many chairs for 5 foot round table,0,9,0%,9.22
how many chairs for 6 ft table,0,9,0%,9.22
white chiavari chairs,0,9,0%,9.56
wedding dance floor staging in richmond hill,0,9,0%,11.44
rent a backyard for a party,0,9,0%,11.89
wedding tent rental prices,0,9,0%,17.33
6 ft rectangular tables,0,9,0%,19.78
party tents for sale,0,9,0%,21
event table rentals,0,9,0%,21.22
6 banquet table,0,9,0%,22.56
table rental near me,0,9,0%,25.33
rental supplies delivery,0,9,0%,26.56
how wide is a 6 foot table,0,9,0%,29.11
black and white rentals,0,9,0%,30
rent foldable chairs,0,9,0%,33.67
furniture rental for insurance,0,9,0%,34.67
white tent rental,0,9,0%,35.33
vancouver chair rentals,0,9,0%,35.67
how many people fit at a 8 foot table,0,9,0%,36
how many people fit at 8 ft table,0,9,0%,40.67
rent of tables and chairs,0,9,0%,41.78
tent and table rentals,0,9,0%,44.89
event space rental surrey,0,9,0%,45
10 ft table seats how many,0,9,0%,47.11
event furniture rental vancouver,0,9,0%,48.56
party tent rental cost,0,9,0%,51.22
tentage rental,0,9,0%,51.78
big tent rentals,0,9,0%,53.89
chair and tent rental near me,0,9,0%,54.11
20 x 50 tent rental,0,9,0%,54.44
tents rent near me,0,9,0%,57.67
renting dance floor for wedding,0,9,0%,58.56
rent party supplies,0,9,0%,59
canopy party tent rentals,0,9,0%,61.44
tables & chairs rental,0,9,0%,62.22
chair rental for wedding near me,0,9,0%,64
bar table for rent,0,9,0%,67.22
special event rentals party rentals,0,9,0%,69
event rentals​,0,9,0%,74.11
wedding tent for rent,0,9,0%,76.89
party rentals in surrey,0,8,0%,1.62
forever tent,0,8,0%,2.75
table cloth rentals,0,8,0%,2.75
how many people at a 6 foot rectangular table,0,8,0%,4.38
richmond party rentals,0,8,0%,4.38
how many does a 6 ft table seat,0,8,0%,4.88
chair rentals north vancouver,0,8,0%,5.12
6 foot tables seat how many,0,8,0%,5.25
how many people can you seat at a 6 ft table,0,8,0%,5.25
how many people sit at a 6ft table,0,8,0%,5.25
6ft table fits how many people,0,8,0%,5.38
how many chairs can fit at a 6 foot table,0,8,0%,5.38
tent rentals surrey prices,0,8,0%,5.5
6ft table seats how many people,0,8,0%,5.75
party rental richmond,0,8,0%,5.88
how many can you seat at a 6 foot rectangular table,0,8,0%,6.12
how many people can fit on a 6ft table,0,8,0%,6.25
surrey tent and party rentals,0,8,0%,6.5
how many chairs fit at a 5ft round table,0,8,0%,6.88
how many people can sit at a 5 foot table,0,8,0%,7.75
5 ft round table,0,8,0%,8
how many people sit at a 6 foot round table,0,8,0%,9.62
how big is a 6 foot table,0,8,0%,9.88
how to party planning for renters,0,8,0%,10.38
5ft round table,0,8,0%,11.5
wedding decor rentals,0,8,0%,11.88
bar table rental,0,8,0%,14.25
long table event rentals,0,8,0%,14.62
backyard rental,0,8,0%,14.75
5 foot round table,0,8,0%,15.5
folding chairs rental,0,8,0%,15.88
how long is a 6 foot table,0,8,0%,20.5
all in one party rentals,0,8,0%,21.62
picnic table rental,0,8,0%,23.5
rental tents,0,8,0%,23.88
how many people does a round table seat,0,8,0%,25.75
garden party tent rental,0,8,0%,27.12
six foot table dimensions,0,8,0%,27.88
avalon tent rentals,0,8,0%,29.25
avalon tent rental,0,8,0%,32.75
black and white party rentals,0,8,0%,33.25
party rental companies,0,8,0%,35.25
tent and chair rentals,0,8,0%,38.88
party and tent rental,0,8,0%,39.62
acrylic table rentals,0,8,0%,43.75
bar table rentals,0,8,0%,44.12
tent rental company,0,8,0%,44.12
tables chairs rentals,0,8,0%,45.38
tent rental cost for 50 guests,0,8,0%,47.62
four seasons party rentals,0,8,0%,48.62
outdoor dance floor rentals,0,8,0%,48.75
tent rental wedding,0,8,0%,50.38
wedding tent rental near me,0,8,0%,51.62
rental of tents,0,8,0%,53.12
event chair rental,0,8,0%,53.5
rent wedding tents near me,0,8,0%,54.75
catering rentals,0,8,0%,58.88
rentals wedding,0,8,0%,63.12
black folding chairs rental,0,8,0%,64.62
party bar rental,0,8,0%,68.75
renting tents for wedding,0,8,0%,69.62
furniture rentals,0,8,0%,77.88
rent foldable tables,0,8,0%,79
table rentals surrey,0,7,0%,2.29
backdrop rentals near me,0,7,0%,3.14
pipe and drape rental,0,7,0%,3.14
tent service,0,7,0%,3.14
tent and party rentals,0,7,0%,4.57
garden chair rental,0,7,0%,5.14
5ft round table how many people,0,7,0%,5.29
6 ft table seating,0,7,0%,5.29
party tree rentals,0,7,0%,5.57
how many people fit around a 5ft round table,0,7,0%,5.86
how many can sit at a 5ft round table,0,7,0%,6.14
how many people can you sit at a 5 foot round table,0,7,0%,6.14
rent starlink,0,7,0%,6.43
5 foot round table how many people,0,7,0%,6.57
how many chairs fit at 6 foot table,0,7,0%,6.57
party rentals south surrey,0,7,0%,7.43
delta party rental,0,7,0%,7.57
event rentals langley,0,7,0%,7.71
party planning equipment for grandparents,0,7,0%,7.86
how many chairs can a 6ft table hold,0,7,0%,8.43
how to find wedding rentals,0,7,0%,9.29
marquee event,0,7,0%,9.43
event tent,0,7,0%,9.71
renting chairs,0,7,0%,11.57
surrey tent,0,7,0%,11.71
table and chair rental near me,0,7,0%,12.14
elevation tent rentals,0,7,0%,14.86
what size tent for 150 guests with dance floor,0,7,0%,15.29
tent for rent near me,0,7,0%,16.14
pop up rentals,0,7,0%,17.71
rental chair,0,7,0%,17.71
party venue,0,7,0%,17.86
dimensions of a 6ft rectangular table,0,7,0%,18.57
banquet table seating capacity,0,7,0%,19
what size tent for 50 guests with dance floor,0,7,0%,19
10x30 party tent rental,0,7,0%,19.43
wedding bench rental,0,7,0%,19.86
celebration party rentals,0,7,0%,20.43
chair table rental,0,7,0%,21
how many people fit at a 6 foot round table,0,7,0%,21.71
what are the dimensions of a 6ft rectangular table,0,7,0%,24
party equipment rentals near me,0,7,0%,27.86
furniture rental,0,7,0%,32.86
tent rentals for birthday parties,0,7,0%,33.86
festival tent rentals,0,7,0%,34.71
4 ft round table seats how many,0,7,0%,34.86
party tent rentals 20x20,0,7,0%,35.14
surdel rentals,0,7,0%,37.71
a&b party rentals vancouver,0,7,0%,38.57
how many people can sit at a 8 ft table,0,7,0%,39.57
event tent rental fernie bc,0,7,0%,43.29
rental chairs tables,0,7,0%,43.43
tent rentals fernie bc,0,7,0%,43.71
party rental fernie bc,0,7,0%,45.57
6 banquet tables,0,7,0%,45.71
umbrella rentals for weddings,0,7,0%,45.86
outdoor event space vancouver,0,7,0%,46
tableware rentals near me,0,7,0%,47.86
event space surrey bc,0,7,0%,48.29
big tent rental,0,7,0%,50
table rental vancouver,0,7,0%,51.14
party hall rental surrey,0,7,0%,51.43
tent rental cost,0,7,0%,51.86
events rental,0,7,0%,53.43
event tent rental​,0,7,0%,54.71
party supply rentals near me,0,7,0%,54.86
outdoor table and chairs rental,0,7,0%,55.71
the party rental company,0,7,0%,55.71
how much is a tent rental for wedding,0,7,0%,58.71
entertainment rentals,0,7,0%,64.43
how much is it to rent a tent for a wedding,0,7,0%,66
party tent rentals red deer,0,7,0%,68.71
festival tent and party rentals,0,7,0%,71.86
party decor rental,0,7,0%,74
how much is tent rental,0,7,0%,74.14
party tent sizes,0,7,0%,78.43
tabletop rentals,0,7,0%,79.43
product,0,6,0%,1
wedding rental,0,6,0%,1.83
rental chair and tables,0,6,0%,4.17
rental chairs and tables near me,0,6,0%,4.33
"""five martian, five venusian, and five earthling"" round table seating rules",0,6,0%,4.67
6 foot table how many people,0,6,0%,4.83
how many people can sit at an 6 foot table,0,6,0%,4.83
how many seats at a 6ft rectangular table,0,6,0%,5
party time rentals,0,6,0%,5.17
how many people does a 6' table seat,0,6,0%,5.5
rent tent,0,6,0%,5.67
tables for rent,0,6,0%,5.83
richmond tent rentals,0,6,0%,6.17
party table rental,0,6,0%,6.33
how many seats at round table,0,6,0%,7.17
rent a tent for wedding,0,6,0%,7.17
how many chairs at a 6ft table,0,6,0%,7.33
how many people fit on a 6 ft table,0,6,0%,7.67
how many chairs fit at a 5 foot round table,0,6,0%,8
party tents for rent,0,6,0%,8.5
round table how many seats,0,6,0%,8.5
tent size for 100 person wedding,0,6,0%,8.67
carnival games for rent,0,6,0%,8.83
how many chairs for a 5 foot round table,0,6,0%,11.17
6 feet table dimensions,0,6,0%,11.33
light fixture installation new westminster,0,6,0%,13.83
wedding party rental packages,0,6,0%,14.5
rent tents,0,6,0%,15.5
6 foot rectangular table dimensions,0,6,0%,15.67
chair rentals for wedding,0,6,0%,16.33
starlink rental canada,0,6,0%,17.17
backyard tent rentals,0,6,0%,19.5
how many people can sit at round table,0,6,0%,21.17
standard 6ft table dimensions,0,6,0%,21.67
6ft table measurements,0,6,0%,22.83
what size tent for 100 guests with dance floor,0,6,0%,23.67
6 rectangle table,0,6,0%,23.83
rent outdoor furniture,0,6,0%,24.33
rent a table,0,6,0%,26.83
tent and table,0,6,0%,27.67
foldable chairs rental,0,6,0%,27.83
house party rentals,0,6,0%,27.83
tent and chair rental,0,6,0%,28
outdoor party tent rental,0,6,0%,28.5
event party rentals,0,6,0%,28.83
standard 6 ft table dimensions,0,6,0%,30
how many round tables for 100 guests,0,6,0%,31.17
tent rental prices near me,0,6,0%,31.5
tent vendor,0,6,0%,32.33
8 foot round table seats how many,0,6,0%,34.5
tent wedding rentals,0,6,0%,35.33
how many people at a 6 foot round table,0,6,0%,36
table and chair on rent,0,6,0%,36
8 foot rectangular table seats how many,0,6,0%,37
how many people sit at 8 foot table,0,6,0%,39
how many people fit at a 60 inch round table,0,6,0%,42.5
tent renting,0,6,0%,44.33
bar rental,0,6,0%,44.83
marquee size calculator,0,6,0%,44.83
a & b party rentals,0,6,0%,45.33
linen rentals near me,0,6,0%,45.5
backyard wedding rentals,0,6,0%,47.67
outdoor event tent rental,0,6,0%,51
rent chairs and tables,0,6,0%,51.17
big party rentals,0,6,0%,52.33
bridal table rental,0,6,0%,55.33
cocktail table rentals near me,0,6,0%,55.83
banquet chair rental,0,6,0%,56
bar rental for party near me,0,6,0%,58
corporate tent rental,0,6,0%,59
corporate event tent rental,0,6,0%,62
wedding tent rental cost,0,6,0%,62.17
3 foot round table seats how many,0,6,0%,62.33
rent an outdoor tent,0,6,0%,63.83
georgetown party rentals,0,6,0%,70.17
wedding tents for rent near me,0,6,0%,70.17
fiesta rentals,0,6,0%,70.5
how much to rent a party tent,0,6,0%,70.67
heated tent rental,0,6,0%,73.17
tents and events,0,6,0%,73.33
renting a dance floor,0,6,0%,76.17
foldable table rentals,0,6,0%,77.33
how much does it cost to rent a wedding tent,0,6,0%,78.33
event rental company​,0,6,0%,78.5
event rentals alberta,0,6,0%,82.83
chair rent,0,5,0%,1
outdoor tent rentals near me,0,5,0%,1.2
tents rentals near me,0,5,0%,2.4
how many chairs on a 6ft table,0,5,0%,5
how many people does a 6ft folding table seat,0,5,0%,5
5ft round table dimensions,0,5,0%,5.2
how many people sit at a 5ft round table,0,5,0%,5.2
party planning equipment for families,0,5,0%,5.6
how many people can a 6 foot rectangular table seat,0,5,0%,5.8
how many people sit at a 6 ft table,0,5,0%,6
tent company near me,0,5,0%,6
how many people fit at a 6 ft rectangle table,0,5,0%,6.2
how many people fit in a 6ft table,0,5,0%,6.2
6 foot folding table how many people,0,5,0%,6.8
6 foot banquet table seating capacity,0,5,0%,7.6
6 foot table seating,0,5,0%,7.6
6 foot folding table seating capacity,0,5,0%,8.4
8ft round table seats how many,0,5,0%,8.6
20x20 tent rental,0,5,0%,8.8
how many people can sit at a 4 ft round table,0,5,0%,8.8
6' round table seats how many,0,5,0%,9.2
how many people does a 4 foot round table seat,0,5,0%,9.2
where to rent tables and chairs,0,5,0%,9.2
rental tent,0,5,0%,10
6 ft banquet table seating,0,5,0%,12.6
table and chair rentals vancouver,0,5,0%,12.8
party tent near me,0,5,0%,13.2
8 ft round table seats how many,0,5,0%,13.8
tent for rent party,0,5,0%,14.6
wedding chairs,0,5,0%,14.8
white chair rental,0,5,0%,14.8
rent 10x10 tent,0,5,0%,16.4
banquet table rentals,0,5,0%,18.6
private event venue north vancouver,0,5,0%,19.6
rental picnic tables,0,5,0%,19.8
how many inches is a 6-ft table,0,5,0%,20.2
6ft rectangular table dimensions,0,5,0%,20.4
round table rentals,0,5,0%,20.4
banquet chair rentals,0,5,0%,21
tables for rent richmond,0,5,0%,21
dimensions of a 6 foot rectangular table,0,5,0%,21.4
metal industrial chair rental,0,5,0%,21.4
popcorn machine rental,0,5,0%,22.2
8 ft table seats how many,0,5,0%,24.2
rent folding chairs,0,5,0%,24.8