Top pages,Clicks,Impressions,CTR,Position
https://www.foreverpartyrentals.com/,202,5925,3.41%,12.63
https://www.foreverpartyrentals.com/burnaby-party-rentals,42,2169,1.94%,37.45
https://www.foreverpartyrentals.com/langley-party-rentals,42,1140,3.68%,22.91
https://www.foreverpartyrentals.com/surrey-party-rentals,40,1773,2.26%,18.2
https://www.foreverpartyrentals.com/richmond-party-rentals,40,1169,3.42%,38.39
https://www.foreverpartyrentals.com/maple-ridge-party-rentals,39,576,6.77%,7.28
https://www.foreverpartyrentals.com/north-vancouver-party-rentals,38,1335,2.85%,26.23
https://www.foreverpartyrentals.com/how-many-people-fit-at-a-6ft-rectangular-table,37,16056,0.23%,6.02
https://www.foreverpartyrentals.com/vancouver-party-rentals,37,3511,1.05%,27.86
https://www.foreverpartyrentals.com/abbotsford-party-rentals,34,1583,2.15%,24.6
https://www.foreverpartyrentals.com/new-westminster-party-rentals,24,634,3.79%,38.93
https://www.foreverpartyrentals.com/delta-party-rentals,18,414,4.35%,11.85
https://www.foreverpartyrentals.com/dance-floor-rental,17,367,4.63%,12.23
https://www.foreverpartyrentals.com/white-rock-party-rentals,17,309,5.5%,23.22
https://www.foreverpartyrentals.com/tent-rental-langley,16,409,3.91%,17.1
https://www.foreverpartyrentals.com/chair-rentals-north-vancouver,16,314,5.1%,21.27
https://www.foreverpartyrentals.com/coquitlam-party-rentals,13,620,2.1%,17.16
https://foreverpartyrentals.com/,12,376,3.19%,22.27
https://www.foreverpartyrentals.com/chair-rentals-burnaby,12,256,4.69%,22.5
https://www.foreverpartyrentals.com/tent-rental-maple-ridge,9,264,3.41%,15.16
https://www.foreverpartyrentals.com/port-moody-party-rentals,9,151,5.96%,12.05
https://www.foreverpartyrentals.com/chair-rentals-new-westminster,9,150,6%,24.71
https://www.foreverpartyrentals.com/how-many-people-fit-at-round-tables,7,4641,0.15%,8.06
https://www.foreverpartyrentals.com/pitt-meadows-party-rentals,7,252,2.78%,19.43
https://www.foreverpartyrentals.com/chair-rentals-maple-ridge,7,219,3.2%,23.95
https://www.foreverpartyrentals.com/marquee-tent-rental-lowermainland-surrey-langley-vancouver,6,418,1.44%,14.68
https://www.foreverpartyrentals.com/north-delta-party-rentals,6,56,10.71%,18.34
https://www.foreverpartyrentals.com/table-rental-and-chair-rentals,5,692,0.72%,35.62
https://www.foreverpartyrentals.com/tent-rentals-surrey,5,624,0.8%,32.29
https://www.foreverpartyrentals.com/fort-langley-party-rentals,5,143,3.5%,19.43
https://www.foreverpartyrentals.com/tent-rental-north-vancouver,5,130,3.85%,43.9
https://www.foreverpartyrentals.com/contact,4,507,0.79%,19.7
https://www.foreverpartyrentals.com/tent-rental-burnaby,4,201,1.99%,50.73
https://www.foreverpartyrentals.com/langley-township-party-rentals,4,43,9.3%,25.33
https://www.foreverpartyrentals.com/tent-rentals-vancouver,3,349,0.86%,48.7
https://www.foreverpartyrentals.com/newton-party-rentals,3,314,0.96%,57.98
https://www.foreverpartyrentals.com/tent-rentals-surrey-1,3,289,1.04%,35.01
https://www.foreverpartyrentals.com/chair-rentals-vancouver,3,262,1.15%,60.34
https://www.foreverpartyrentals.com/chair-rentals-langley,3,148,2.03%,24.84
https://www.foreverpartyrentals.com/popup-tents-for-pickup,3,136,2.21%,25.54
https://foreverpartyrentals.com/abbotsford-party-rentals,3,114,2.63%,15.74
https://www.foreverpartyrentals.com/chair-rentals-coquitlam,3,65,4.62%,18.38
https://www.foreverpartyrentals.com/tent-rental-new-westminter-tent-rentals,3,64,4.69%,28.22
https://www.foreverpartyrentals.com/chair-rentals-richmond,3,31,9.68%,53.9
https://www.foreverpartyrentals.com/cloverdale-party-rentals,2,321,0.62%,48.58
https://www.foreverpartyrentals.com/white-resin-garden-chairs,2,191,1.05%,11.16
https://www.foreverpartyrentals.com/chair-rentals,2,127,1.57%,11.81
https://www.foreverpartyrentals.com/chiavari-chair-rentals,2,104,1.92%,18.5
https://www.foreverpartyrentals.com/faqs,2,82,2.44%,6.74
https://foreverpartyrentals.com/burnaby-party-rentals,2,49,4.08%,39.39
https://www.foreverpartyrentals.com/service-areas,2,40,5%,32.3
